,Actual,Prediction,Error
2020-03-10,7909.7294921875,8166.0376,256.30810546875
2020-03-11,7911.43017578125,8033.903,122.47265625
2020-03-12,4970.7880859375,7985.962,3015.173828125
2020-03-13,5563.70703125,6158.008,594.30078125
2020-03-14,5200.3662109375,5806.595,606.22900390625
2020-03-15,5392.31494140625,5454.477,62.162109375
2020-03-16,5014.47998046875,5440.036,425.55615234375
2020-03-17,5225.62939453125,5205.4697,20.15966796875
2020-03-18,5238.4384765625,5244.667,6.228515625
2020-03-19,6191.19287109375,5269.306,921.88671875
2020-03-20,6198.7783203125,5865.703,333.0751953125
2020-03-21,6185.06640625,6104.086,80.98046875
2020-03-22,5830.2548828125,6185.8516,355.5966796875
2020-03-23,6416.31494140625,5996.666,419.64892578125
2020-03-24,6734.8037109375,6281.793,453.0107421875
2020-03-25,6681.06298828125,6590.2075,90.85546875
2020-03-26,6716.4404296875,6677.0283,39.412109375
2020-03-27,6469.79833984375,6730.8506,261.05224609375
2020-03-28,6242.19384765625,6598.871,356.67724609375
2020-03-29,5922.04296875,6406.26,484.216796875
2020-03-30,6429.841796875,6133.943,295.89892578125
2020-03-31,6438.64453125,6341.1997,97.44482421875
2020-04-01,6606.7763671875,6429.906,176.87060546875
2020-04-02,6793.62451171875,6568.064,225.560546875
2020-04-03,6733.38720703125,6736.8774,3.490234375
2020-04-04,6867.52734375,6765.1157,102.41162109375
2020-04-05,6791.12939453125,6857.467,66.33740234375
2020-04-06,7271.78125,6845.9517,425.82958984375
2020-04-07,7176.41455078125,7136.883,39.53173828125
2020-04-08,7334.0986328125,7192.053,142.04541015625
2020-04-09,7302.08935546875,7309.4233,7.333984375
2020-04-10,6865.4931640625,7334.8647,469.37158203125
2020-04-11,6859.0830078125,7075.3228,216.23974609375
2020-04-12,6971.091796875,6968.9956,2.09619140625
2020-04-13,6845.03759765625,6997.429,152.3916015625
2020-04-14,6842.427734375,6932.1597,89.73193359375
2020-04-15,6642.10986328125,6905.2646,263.15478515625
2020-04-16,7116.80419921875,6771.711,345.09326171875
2020-04-17,7096.1845703125,7011.974,84.21044921875
2020-04-18,7257.6650390625,7094.3677,163.29736328125
2020-04-19,7189.4248046875,7225.2065,35.78173828125
2020-04-20,6881.95849609375,7233.596,351.6376953125
2020-04-21,6880.3232421875,7046.563,166.23974609375
2020-04-22,7117.20751953125,6971.6753,145.5322265625
2020-04-23,7429.724609375,7089.0503,340.67431640625
2020-04-24,7550.90087890625,7328.4062,222.49462890625
2020-04-25,7569.93603515625,7496.81,73.1259765625
2020-04-26,7679.8671875,7573.2017,106.66552734375
2020-04-27,7795.60107421875,7669.5396,126.0615234375
2020-04-28,7807.05859375,7777.583,29.4755859375
2020-04-29,8801.0380859375,7826.256,974.7822265625
2020-04-30,8658.5537109375,8456.673,201.880859375
2020-05-01,8864.7666015625,8615.733,249.033203125
2020-05-02,8988.5966796875,8801.803,186.7939453125
2020-05-03,8897.46875,8949.109,51.640625
2020-05-04,8912.654296875,8949.049,36.39453125
2020-05-05,9003.0703125,8957.087,45.9833984375
2020-05-06,9268.76171875,9015.559,253.203125
2020-05-07,9951.5185546875,9202.173,749.345703125
2020-05-08,9842.666015625,9695.49,147.17578125
2020-05-09,9593.896484375,9821.237,227.3408203125
2020-05-10,8756.4306640625,9714.55,958.119140625
2020-05-11,8601.7958984375,9155.122,553.326171875
2020-05-12,8804.4775390625,8840.432,35.9541015625
2020-05-13,9269.9873046875,8844.537,425.4501953125
2020-05-14,9733.7216796875,9135.873,597.8486328125
2020-05-15,9328.197265625,9536.856,208.6591796875
2020-05-16,9377.013671875,9443.617,66.603515625
2020-05-17,9670.7392578125,9434.24,236.4990234375
2020-05-18,9726.5751953125,9610.864,115.7109375
2020-05-19,9729.0380859375,9714.385,14.6533203125
2020-05-20,9522.9814453125,9755.566,232.5849609375
2020-05-21,9081.76171875,9644.078,562.31640625
2020-05-22,9182.5771484375,9327.943,145.3662109375
2020-05-23,9209.287109375,9266.351,57.0634765625
2020-05-24,8790.3681640625,9260.303,469.9345703125
2020-05-25,8906.9345703125,9001.171,94.236328125
2020-05-26,8835.052734375,8971.737,136.6845703125
2020-05-27,9181.017578125,8917.355,263.662109375
2020-05-28,9525.7509765625,9109.78,415.970703125
2020-05-29,9439.1240234375,9398.189,40.9345703125
2020-05-30,9700.4140625,9457.053,243.361328125
2020-05-31,9461.05859375,9639.175,178.1162109375
2020-06-01,10167.2685546875,9562.241,605.02734375
2020-06-02,9529.8037109375,9965.552,435.748046875
2020-06-03,9656.7177734375,9730.957,74.2392578125
2020-06-04,9800.63671875,9714.801,85.8359375
2020-06-05,9665.533203125,9797.546,132.0126953125
2020-06-06,9653.6796875,9747.204,93.5244140625
2020-06-07,9758.8525390625,9719.949,38.9033203125
2020-06-08,9771.4892578125,9772.906,1.4169921875
2020-06-09,9795.7001953125,9802.605,6.9052734375
2020-06-10,9870.0947265625,9828.742,41.3525390625
2020-06-11,9321.78125,9884.723,562.94140625
2020-06-12,9480.84375,9568.687,87.8427734375
2020-06-13,9475.27734375,9542.459,67.181640625
2020-06-14,9386.7880859375,9530.147,143.359375
2020-06-15,9450.7021484375,9472.013,21.310546875
2020-06-16,9538.0244140625,9488.729,49.2958984375
2020-06-17,9480.2548828125,9549.444,69.189453125
2020-06-18,9411.8408203125,9537.589,125.748046875
2020-06-19,9288.0185546875,9490.829,202.810546875
2020-06-20,9332.3408203125,9396.144,63.802734375
2020-06-21,9303.6298828125,9386.371,82.7412109375
2020-06-22,9648.7177734375,9365.436,283.2822265625
2020-06-23,9629.658203125,9569.871,59.787109375
2020-06-24,9313.6103515625,9638.47,324.859375
2020-06-25,9264.8134765625,9469.739,204.92578125
2020-06-26,9162.91796875,9373.008,210.08984375
2020-06-27,9045.390625,9272.739,227.3486328125
2020-06-28,9143.58203125,9161.851,18.2685546875
2020-06-29,9190.8544921875,9179.683,11.171875
2020-06-30,9137.9931640625,9216.612,78.619140625
2020-07-01,9228.3251953125,9198.878,29.447265625
2020-07-02,9123.41015625,9247.349,123.9384765625
2020-07-03,9087.3037109375,9201.973,114.6689453125
2020-07-04,9132.48828125,9161.529,29.041015625
2020-07-05,9073.9423828125,9173.658,99.7158203125
2020-07-06,9375.474609375,9142.5625,232.912109375
2020-07-07,9252.27734375,9315.888,63.6103515625
2020-07-08,9428.3330078125,9308.267,120.06640625
2020-07-09,9277.9677734375,9412.92,134.9521484375
2020-07-10,9278.8076171875,9360.991,82.18359375
2020-07-11,9240.3466796875,9340.516,100.1689453125
2020-07-12,9276.5,9308.723,32.22265625
2020-07-13,9243.6142578125,9318.893,75.2783203125
2020-07-14,9243.2138671875,9302.77,59.5556640625
2020-07-15,9192.8369140625,9296.333,103.49609375
2020-07-16,9132.2275390625,9262.842,130.6142578125
2020-07-17,9151.392578125,9212.345,60.9521484375
2020-07-18,9159.0400390625,9204.604,45.5634765625
2020-07-19,9185.8173828125,9206.702,20.884765625
2020-07-20,9164.2314453125,9224.266,60.0341796875
2020-07-21,9374.8876953125,9217.894,156.994140625
2020-07-22,9525.36328125,9345.013,180.3505859375
2020-07-23,9581.072265625,9487.56,93.5126953125
2020-07-24,9536.892578125,9577.161,40.2685546875
2020-07-25,9677.11328125,9584.086,93.02734375
2020-07-26,9905.1669921875,9672.716,232.451171875
2020-07-27,10990.873046875,9847.285,1143.587890625
2020-07-28,10912.8232421875,10583.881,328.9423828125
2020-07-29,11100.4677734375,10823.679,276.7890625
2020-07-30,11111.2138671875,11029.105,82.1083984375
2020-07-31,11323.466796875,11113.407,210.0595703125
2020-08-01,11759.5927734375,11275.108,484.484375
2020-08-02,11053.6142578125,11606.058,552.443359375
2020-08-03,11246.3486328125,11300.342,53.9931640625
2020-08-04,11205.892578125,11296.974,91.0810546875
2020-08-05,11747.0224609375,11271.479,475.5439453125
2020-08-06,11779.7734375,11594.87,184.9033203125
2020-08-07,11601.47265625,11742.426,140.953125
2020-08-08,11754.0458984375,11689.291,64.7548828125
2020-08-09,11675.7392578125,11761.278,85.5390625
2020-08-10,11878.111328125,11741.168,136.943359375
2020-08-11,11410.525390625,11857.176,446.650390625
2020-08-12,11584.9345703125,11614.89,29.955078125
2020-08-13,11784.1376953125,11626.908,157.2294921875
2020-08-14,11768.87109375,11755.248,13.623046875
2020-08-15,11865.6982421875,11796.578,69.1201171875
2020-08-16,11892.8037109375,11871.839,20.96484375
2020-08-17,12254.40234375,11917.434,336.96875
2020-08-18,11991.2333984375,12157.5625,166.3291015625
2020-08-19,11758.283203125,12089.235,330.9521484375
2020-08-20,11878.3720703125,11917.398,39.0263671875
2020-08-21,11592.4892578125,11923.932,331.4423828125
2020-08-22,11681.8251953125,11751.234,69.4091796875
2020-08-23,11664.84765625,11739.103,74.2548828125
2020-08-24,11774.595703125,11725.027,49.568359375
2020-08-25,11366.134765625,11787.448,421.3134765625
2020-08-26,11488.36328125,11560.839,72.4755859375
2020-08-27,11323.3974609375,11546.813,223.416015625
2020-08-28,11542.5,11441.156,101.34375
2020-08-29,11506.865234375,11534.616,27.7509765625
2020-08-30,11711.505859375,11550.237,161.2685546875
2020-08-31,11680.8203125,11682.207,1.38671875
2020-09-01,11970.478515625,11714.721,255.7578125
2020-09-02,11414.0341796875,11905.068,491.0341796875
2020-09-03,10245.296875,11636.621,1391.32421875
2020-09-04,10511.8134765625,10810.535,298.7216796875
2020-09-05,10169.5673828125,10651.567,482.0
2020-09-06,10280.3515625,10383.062,102.7099609375
2020-09-07,10369.5634765625,10348.484,21.0791015625
2020-09-08,10131.5166015625,10392.457,260.9404296875
2020-09-09,10242.34765625,10264.107,21.759765625
2020-09-10,10363.138671875,10281.992,81.146484375
2020-09-11,10400.9150390625,10363.925,36.990234375
2020-09-12,10442.1708984375,10419.353,22.818359375
2020-09-13,10323.755859375,10465.942,142.1865234375
2020-09-14,10680.837890625,10410.712,270.1259765625
2020-09-15,10796.951171875,10608.377,188.57421875
2020-09-16,10974.9052734375,10757.495,217.41015625
2020-09-17,10948.990234375,10924.577,24.4130859375
2020-09-18,10944.5859375,10973.164,28.578125
2020-09-19,11094.3466796875,10988.111,106.2353515625
2020-09-20,10938.271484375,11085.288,147.0166015625
2020-09-21,10462.259765625,11027.032,564.7724609375
2020-09-22,10538.4599609375,10710.507,172.046875
2020-09-23,10246.1865234375,10633.38,387.193359375
2020-09-24,10760.06640625,10424.935,335.1318359375
2020-09-25,10692.716796875,10660.768,31.94921875
2020-09-26,10750.7236328125,10713.262,37.4619140625
2020-09-27,10775.26953125,10769.048,6.2216796875
2020-09-28,10709.65234375,10805.37,95.7177734375
2020-09-29,10844.640625,10778.6455,65.9951171875
2020-09-30,10784.4912109375,10850.878,66.38671875
2020-10-01,10619.4521484375,10842.083,222.630859375
2020-10-02,10575.974609375,10736.818,160.84375
2020-10-03,10549.3291015625,10668.538,119.208984375
2020-10-04,10669.5830078125,10625.966,43.6171875
2020-10-05,10793.33984375,10683.795,109.544921875
2020-10-06,10604.40625,10783.161,178.7548828125
2020-10-07,10668.96875,10705.67,36.701171875
2020-10-08,10915.685546875,10714.483,201.2021484375
2020-10-09,11064.4580078125,10869.958,194.5
2020-10-10,11296.361328125,11022.563,273.7978515625
2020-10-11,11384.181640625,11224.406,159.775390625
2020-10-12,11555.36328125,11356.517,198.8466796875
2020-10-13,11425.8994140625,11512.291,86.3916015625
2020-10-14,11429.5068359375,11492.419,62.912109375
2020-10-15,11495.349609375,11485.625,9.724609375
2020-10-16,11322.123046875,11523.148,201.025390625
2020-10-17,11358.1015625,11431.3,73.1982421875
2020-10-18,11483.359375,11417.362,65.9970703125
2020-10-19,11742.037109375,11489.474,252.5634765625
2020-10-20,11916.3349609375,11677.305,239.0302734375
2020-10-21,12823.689453125,11858.166,965.5234375
2020-10-22,12965.8916015625,12486.815,479.076171875
2020-10-23,12931.5390625,12820.074,111.46484375
2020-10-24,13108.0625,12925.549,182.513671875
2020-10-25,13031.173828125,13072.521,41.34765625
2020-10-26,13075.248046875,13081.017,5.7685546875
2020-10-27,13654.21875,13110.328,543.890625
2020-10-28,13271.28515625,13478.113,206.828125
2020-10-29,13437.8828125,13385.794,52.0888671875
2020-10-30,13546.5224609375,13450.746,95.7763671875
2020-10-31,13780.9951171875,13542.816,238.1787109375
2020-11-01,13737.109375,13723.327,13.7822265625
2020-11-02,13550.4892578125,13766.431,215.94140625
2020-11-03,13950.30078125,13667.253,283.0478515625
2020-11-04,14133.70703125,13874.1045,259.6025390625
2020-11-05,15579.8486328125,14068.32,1511.5283203125
2020-11-06,15565.880859375,15034.129,531.751953125
2020-11-07,14833.75390625,15402.331,568.5771484375
2020-11-08,15479.5673828125,15090.863,388.7041015625
2020-11-09,15332.3154296875,15362.397,30.08203125
2020-11-10,15290.90234375,15378.054,87.1513671875
2020-11-11,15701.33984375,15357.716,343.6240234375
2020-11-12,16276.34375,15602.048,674.2958984375
2020-11-13,16317.80859375,16052.123,265.685546875
2020-11-14,16068.138671875,16252.629,184.490234375
2020-11-15,15955.587890625,16174.797,219.208984375
2020-11-16,16716.111328125,16073.145,642.966796875
2020-11-17,17645.40625,16500.873,1144.533203125
2020-11-18,17804.005859375,17241.152,562.853515625
2020-11-19,17817.08984375,17626.941,190.1484375
2020-11-20,18621.314453125,17781.799,839.515625
2020-11-21,18642.232421875,18333.316,308.916015625
2020-11-22,18370.001953125,18560.268,190.265625
2020-11-23,18364.12109375,18477.984,113.86328125
2020-11-24,19107.46484375,18439.988,667.4765625
2020-11-25,18732.12109375,18882.113,149.9921875
2020-11-26,17150.623046875,18824.742,1674.119140625
2020-11-27,17108.40234375,17826.943,718.541015625
2020-11-28,17717.4140625,17409.973,307.44140625
2020-11-29,18177.484375,17625.855,551.62890625
2020-11-30,19625.8359375,17997.2,1628.63671875
2020-12-01,18802.998046875,19035.455,232.45703125
2020-12-02,19201.091796875,18933.557,267.53515625
2020-12-03,19445.3984375,19132.805,312.59375
2020-12-04,18699.765625,19358.99,659.224609375
2020-12-05,19154.23046875,18986.695,167.53515625
2020-12-06,19345.12109375,19119.041,226.080078125
2020-12-07,19191.630859375,19289.648,98.017578125
2020-12-08,18321.14453125,19262.055,940.91015625
2020-12-09,18553.916015625,18714.842,160.92578125
2020-12-10,18264.9921875,18643.531,378.5390625
2020-12-11,18058.904296875,18440.867,381.962890625
2020-12-12,18803.65625,18236.227,567.4296875
2020-12-13,19142.3828125,18616.168,526.21484375
2020-12-14,19246.64453125,18974.992,271.65234375
2020-12-15,19417.076171875,19178.42,238.65625
2020-12-16,21310.59765625,19360.627,1949.970703125
2020-12-17,22805.162109375,20594.816,2210.345703125
2020-12-18,23137.9609375,21995.342,1142.619140625
2020-12-19,23869.83203125,22741.744,1128.087890625
2020-12-20,23477.294921875,23473.86,3.435546875
2020-12-21,22803.08203125,23511.814,708.732421875
2020-12-22,23783.029296875,23105.07,677.958984375
2020-12-23,23241.345703125,23546.291,304.9453125
2020-12-24,23735.94921875,23387.252,348.697265625
2020-12-25,24664.791015625,23628.168,1036.623046875
2020-12-26,26437.037109375,24294.533,2142.50390625
2020-12-27,26272.294921875,25644.387,627.908203125
2020-12-28,27084.80859375,26067.447,1017.361328125
2020-12-29,27362.4375,26724.496,637.94140625
2020-12-30,28840.953125,27146.627,1694.326171875
2020-12-31,29001.720703125,28215.602,786.119140625
2021-01-01,29374.15234375,28728.451,645.701171875
2021-01-02,32127.267578125,29150.947,2976.3203125
2021-01-03,32782.0234375,31003.387,1778.63671875
2021-01-04,31971.9140625,32126.105,154.19140625
2021-01-05,33992.4296875,32056.717,1935.712890625
2021-01-06,36824.36328125,33261.53,3562.83203125
2021-01-07,39371.04296875,35468.28,3902.76171875
2021-01-08,40797.609375,37887.29,2910.3203125
2021-01-09,40254.546875,39693.445,561.1015625
2021-01-10,38356.44140625,40047.66,1691.21875
2021-01-11,35566.65625,39005.05,3438.39453125
2021-01-12,33922.9609375,36877.133,2954.171875
2021-01-13,37316.359375,35039.94,2276.41796875
2021-01-14,39187.328125,36419.566,2767.76171875
2021-01-15,36825.3671875,38122.73,1297.36328125
2021-01-16,36178.140625,37337.777,1159.63671875
2021-01-17,35791.27734375,36626.58,835.30078125
2021-01-18,36630.07421875,36110.305,519.76953125
2021-01-19,36069.8046875,36427.184,357.37890625
2021-01-20,35547.75,36211.39,663.640625
2021-01-21,30825.69921875,35806.55,4980.8515625
2021-01-22,33005.76171875,32748.701,257.060546875
2021-01-23,32067.642578125,32896.92,829.279296875
2021-01-24,32289.37890625,32393.27,103.890625
2021-01-25,32366.392578125,32339.793,26.599609375
2021-01-26,32569.849609375,32370.951,198.8984375
2021-01-27,30432.546875,32510.193,2077.646484375
2021-01-28,33466.09765625,31250.979,2215.119140625
2021-01-29,34316.38671875,32621.973,1694.4140625
2021-01-30,34269.5234375,33686.156,583.3671875
2021-01-31,33114.359375,34068.656,954.296875
2021-02-01,33537.17578125,33502.824,34.3515625
2021-02-02,35510.2890625,33535.12,1975.16796875
2021-02-03,37472.08984375,34759.434,2712.65625
2021-02-04,36926.06640625,36444.7,481.3671875
2021-02-05,38144.30859375,36760.86,1383.44921875
2021-02-06,39266.01171875,37621.688,1644.32421875
2021-02-07,38903.44140625,38640.97,262.47265625
2021-02-08,46196.46484375,38810.336,7386.12890625
2021-02-09,46481.10546875,43344.734,3136.37109375
2021-02-10,44918.18359375,45282.902,364.71875
2021-02-11,47909.33203125,45056.805,2852.52734375
2021-02-12,47504.8515625,46784.887,719.96484375
2021-02-13,47105.515625,47204.613,99.09765625
2021-02-14,48717.2890625,47112.625,1604.6640625
2021-02-15,47945.05859375,48059.016,113.95703125
2021-02-16,49199.87109375,47954.977,1244.89453125
2021-02-17,52149.0078125,48678.625,3470.3828125
2021-02-18,51679.796875,50766.15,913.6484375
2021-02-19,55888.1328125,51288.52,4599.61328125
2021-02-20,56099.51953125,54059.89,2039.62890625
2021-02-21,57539.9453125,55258.3,2281.64453125
2021-02-22,54207.3203125,56586.29,2378.96875
2021-02-23,48824.42578125,55052.33,6227.90234375
2021-02-24,49705.33203125,51149.09,1443.7578125
2021-02-25,47093.8515625,50171.96,3078.109375
2021-02-26,46339.76171875,48214.95,1875.1875
2021-02-27,46188.453125,47002.27,813.81640625
2021-02-28,45137.76953125,46454.86,1317.08984375
2021-03-01,49631.2421875,45610.16,4021.08203125
2021-03-02,48378.98828125,48042.03,336.95703125
2021-03-03,50538.2421875,48230.21,2308.03125
2021-03-04,48561.16796875,49617.57,1056.40234375
2021-03-05,48927.3046875,48939.227,11.921875
2021-03-06,48912.3828125,48887.95,24.43359375
2021-03-07,51206.69140625,48859.01,2347.6796875
2021-03-08,52246.5234375,50252.973,1993.55078125
2021-03-09,54824.1171875,51433.008,3391.109375
2021-03-10,56008.55078125,53466.773,2541.77734375
2021-03-11,57805.12109375,54974.68,2830.44140625
2021-03-12,57332.08984375,56647.17,684.91796875
2021-03-13,61243.0859375,56995.35,4247.734375
2021-03-14,59302.31640625,59514.69,212.375
2021-03-15,55907.19921875,59301.664,3394.46484375
2021-03-16,56804.90234375,57126.14,321.23828125
2021-03-17,58870.89453125,56825.703,2045.19140625
2021-03-18,57858.921875,57980.3,121.37890625
2021-03-19,58346.65234375,57815.6,531.05078125
2021-03-20,58313.64453125,58051.38,262.265625
2021-03-21,57523.421875,58119.65,596.2265625
2021-03-22,54529.14453125,57663.49,3134.34375
2021-03-23,54738.9453125,55654.375,915.4296875
2021-03-24,52774.265625,55006.316,2232.05078125
2021-03-25,51704.16015625,53558.85,1854.69140625
2021-03-26,55137.3125,52350.36,2786.953125
2021-03-27,55973.51171875,53993.414,1980.09765625
2021-03-28,55950.74609375,55158.59,792.15625
2021-03-29,57750.19921875,55593.043,2157.15625
2021-03-30,58917.69140625,56856.36,2061.33203125
2021-03-31,58918.83203125,58063.05,855.78125
2021-04-01,59095.80859375,58522.367,573.44140625
2021-04-02,59384.3125,58796.34,587.97265625
2021-04-03,57603.890625,59079.67,1475.78125
2021-04-04,58758.5546875,58101.34,657.21484375
2021-04-05,59057.87890625,58428.406,629.47265625
2021-04-06,58192.359375,58743.363,551.00390625
2021-04-07,56048.9375,58333.426,2284.48828125
2021-04-08,58323.953125,56856.016,1467.9375
2021-04-09,58245.00390625,57671.227,573.77734375
2021-04-10,59793.234375,57946.82,1846.4140625
2021-04-11,60204.96484375,59013.07,1191.89453125
2021-04-12,59893.453125,59678.555,214.8984375
2021-04-13,63503.45703125,59731.39,3772.06640625
2021-04-14,63109.6953125,61955.938,1153.7578125
2021-04-15,63314.01171875,62576.28,737.73046875
2021-04-16,61572.7890625,62933.535,1360.74609375
2021-04-17,60683.8203125,61996.12,1312.30078125
2021-04-18,56216.18359375,61082.188,4866.00390625
2021-04-19,55724.265625,57983.285,2259.01953125
2021-04-20,56473.03125,56495.3,22.26953125
2021-04-21,53906.08984375,56387.79,2481.69921875
2021-04-22,51762.2734375,54791.145,3028.87109375
2021-04-23,51093.65234375,52863.79,1770.13671875
2021-04-24,50050.8671875,51714.234,1663.3671875
2021-04-25,49004.25390625,50635.55,1631.296875
2021-04-26,54021.75390625,49594.383,4427.37109375
2021-04-27,55033.1171875,52273.285,2759.83203125
2021-04-28,54824.703125,53942.934,881.76953125
2021-04-29,53555.109375,54452.47,897.359375
2021-04-30,57750.17578125,53861.62,3888.5546875
2021-05-01,57828.05078125,56197.094,1630.95703125
2021-05-02,56631.078125,57154.766,523.6875
2021-05-03,57200.29296875,56779.113,421.1796875
2021-05-04,53333.5390625,56975.78,3642.2421875
2021-05-05,57424.0078125,54682.6,2741.40625
2021-05-06,56396.515625,56293.004,103.51171875
2021-05-07,57356.40234375,56320.312,1036.08984375
2021-05-08,58803.77734375,56908.863,1894.9140625
2021-05-09,58232.31640625,58018.168,214.1484375
2021-05-10,55859.796875,58106.45,2246.65234375
2021-05-11,56704.57421875,56675.492,29.08203125
2021-05-12,49150.53515625,56632.36,7481.82421875
2021-05-13,49716.19140625,51994.406,2278.21484375
2021-05-14,49880.53515625,50535.47,654.93359375
2021-05-15,46760.1875,50095.605,3335.41796875
2021-05-16,46456.05859375,48032.785,1576.7265625
2021-05-17,43537.51171875,47048.043,3510.53125
2021-05-18,42909.40234375,44894.28,1984.87890625
2021-05-19,37002.44140625,43675.31,6672.8671875
2021-05-20,40782.73828125,39584.52,1198.21875
2021-05-21,37304.69140625,40318.34,3013.6484375
2021-05-22,37536.6328125,38482.703,946.0703125
2021-05-23,34770.58203125,37922.434,3151.8515625
2021-05-24,38705.98046875,36007.44,2698.5390625
2021-05-25,38402.22265625,37687.73,714.4921875
2021-05-26,39294.19921875,38168.055,1126.14453125
2021-05-27,38436.96875,38898.207,461.23828125
2021-05-28,35697.60546875,38659.613,2962.0078125
2021-05-29,34616.06640625,36869.17,2253.10546875
2021-05-30,35678.12890625,35507.547,170.58203125
2021-05-31,37332.85546875,35632.605,1700.25
2021-06-01,36684.92578125,36711.88,26.953125
2021-06-02,37575.1796875,36738.242,836.9375
2021-06-03,39208.765625,37296.105,1912.66015625
2021-06-04,36894.40625,38516.188,1621.78125
2021-06-05,35551.95703125,37568.227,2016.26953125
2021-06-06,35862.37890625,36364.44,502.0625
2021-06-07,33560.70703125,36088.773,2528.06640625
2021-06-08,33472.6328125,34569.016,1096.3828125
2021-06-09,37345.12109375,33932.67,3412.44921875
2021-06-10,36702.59765625,36071.66,630.9375
2021-06-11,37334.3984375,36513.766,820.6328125
2021-06-12,35552.515625,37072.008,1519.4921875
2021-06-13,39097.859375,36189.777,2908.08203125
2021-06-14,40218.4765625,38018.203,2200.2734375
2021-06-15,40406.26953125,39424.42,981.84765625
2021-06-16,38347.0625,40080.363,1733.30078125
2021-06-17,38053.50390625,39057.6,1004.09765625
2021-06-18,35787.24609375,38465.746,2678.5
2021-06-19,35615.87109375,36845.44,1229.5703125
2021-06-20,35698.296875,36108.727,410.4296875
2021-06-21,31676.693359375,35881.816,4205.123046875
2021-06-22,32505.66015625,33332.83,827.16796875
2021-06-23,33723.02734375,32851.09,871.9375
2021-06-24,34662.4375,33425.793,1236.64453125
2021-06-25,31637.779296875,34239.973,2602.193359375
2021-06-26,32186.27734375,32696.32,510.04296875
2021-06-27,34649.64453125,32425.826,2223.818359375
2021-06-28,34434.3359375,33842.305,592.03125
2021-06-29,35867.77734375,34266.6,1601.17578125
2021-06-30,35040.8359375,35306.02,265.18359375
2021-07-01,33572.1171875,35200.883,1628.765625
2021-07-02,33897.046875,34247.926,350.87890625
2021-07-03,34668.546875,34071.53,597.015625
2021-07-04,35287.78125,34478.63,809.15234375
2021-07-05,33746.00390625,35026.93,1280.92578125
2021-07-06,34235.1953125,34289.344,54.1484375
2021-07-07,33855.328125,34301.965,446.63671875
2021-07-08,32877.37109375,34074.73,1197.359375
2021-07-09,33798.01171875,33384.094,413.91796875
2021-07-10,33520.51953125,33688.848,168.328125
2021-07-11,34240.1875,33637.72,602.46875
2021-07-12,33155.84765625,34061.83,905.98046875
2021-07-13,32702.025390625,33557.055,855.029296875
2021-07-14,32822.34765625,33078.348,256.0
2021-07-15,31780.73046875,32960.8,1180.0703125
2021-07-16,31421.5390625,32278.996,857.45703125
2021-07-17,31533.068359375,31795.002,261.93359375
2021-07-18,31796.810546875,31674.27,122.541015625
2021-07-19,30817.83203125,31792.215,974.3828125
2021-07-20,29807.34765625,31238.363,1431.015625
2021-07-21,32110.693359375,30398.92,1711.7734375
2021-07-22,32313.10546875,31490.844,822.26171875
2021-07-23,33581.55078125,32055.184,1526.3671875
2021-07-24,34292.4453125,33051.43,1241.015625
2021-07-25,35350.1875,33872.37,1477.81640625
2021-07-26,37337.53515625,34835.21,2502.32421875
2021-07-27,39406.94140625,36435.008,2971.93359375
2021-07-28,39995.90625,38321.96,1673.9453125
2021-07-29,40008.421875,39407.137,601.28515625
2021-07-30,42235.546875,39826.566,2408.98046875
2021-07-31,41626.1953125,41341.043,285.15234375
2021-08-01,39974.89453125,41561.92,1587.02734375
2021-08-02,39201.9453125,40617.73,1415.78515625
2021-08-03,38152.98046875,39771.96,1618.98046875
2021-08-04,39747.50390625,38802.0,945.50390625
2021-08-05,40869.5546875,39408.598,1460.95703125
2021-08-06,42816.5,40339.406,2477.09375
2021-08-07,44555.80078125,41904.16,2651.640625
2021-08-08,43798.1171875,43563.035,235.08203125
2021-08-09,46365.40234375,43742.254,2623.1484375
2021-08-10,45585.03125,45376.887,208.14453125
2021-08-11,45593.63671875,45520.98,72.65625
2021-08-12,44428.2890625,45574.773,1146.484375
2021-08-13,47793.3203125,44869.324,2923.99609375
2021-08-14,47096.9453125,46660.402,436.54296875
2021-08-15,47047.00390625,46921.59,125.4140625
2021-08-16,46004.484375,47000.332,995.84765625
2021-08-17,44695.359375,46375.383,1680.0234375
2021-08-18,44801.1875,45330.055,528.8671875
2021-08-19,46717.578125,44984.355,1733.22265625
2021-08-20,49339.17578125,46043.54,3295.63671875
2021-08-21,48905.4921875,48065.48,840.01171875
2021-08-22,49321.65234375,48586.082,735.5703125
2021-08-23,49546.1484375,49030.01,516.13671875
2021-08-24,47706.1171875,49327.24,1621.12109375
2021-08-25,48960.7890625,48309.375,651.4140625
2021-08-26,46942.21875,48682.73,1740.51171875
2021-08-27,49058.66796875,47595.84,1462.828125
2021-08-28,48902.40234375,48468.223,434.1796875
2021-08-29,48829.83203125,48720.316,109.515625
2021-08-30,47054.984375,48775.39,1720.40625
2021-08-31,47166.6875,47698.676,531.98828125
2021-09-01,48847.02734375,47346.1,1500.92578125
2021-09-02,49327.72265625,48246.664,1081.05859375
2021-09-03,50025.375,48890.72,1134.65625
2021-09-04,49944.625,49569.082,375.54296875
2021-09-05,51753.41015625,49788.246,1965.1640625
2021-09-06,52633.53515625,50971.586,1661.94921875
2021-09-07,46811.12890625,51970.562,5159.43359375
2021-09-08,46091.390625,48776.953,2685.5625
2021-09-09,46391.421875,47093.28,701.859375
2021-09-10,44883.91015625,46632.1,1748.19140625
2021-09-11,45201.45703125,45540.55,339.09375
2021-09-12,46063.26953125,45314.67,748.59765625
2021-09-13,44963.07421875,45766.06,802.984375
2021-09-14,47092.4921875,45266.797,1825.6953125
2021-09-15,48176.34765625,46380.477,1795.87109375
2021-09-16,47783.359375,47481.355,302.00390625
2021-09-17,47267.51953125,47655.043,387.5234375
2021-09-18,48278.36328125,47404.31,874.0546875
2021-09-19,47260.21875,47924.098,663.87890625
2021-09-20,42843.80078125,47501.848,4658.046875
2021-09-21,40693.67578125,44616.99,3923.3125
2021-09-22,43574.5078125,42177.62,1396.88671875
2021-09-23,44895.09765625,43014.574,1880.5234375
2021-09-24,42839.75,44167.656,1327.90625
2021-09-25,42716.59375,43362.58,645.984375
2021-09-26,43208.5390625,42965.547,242.9921875
2021-09-27,42235.73046875,43111.703,875.97265625
2021-09-28,41034.54296875,42575.7,1541.15625
2021-09-29,41564.36328125,41630.266,65.90234375
2021-09-30,43790.89453125,41589.785,2201.109375
2021-10-01,48116.94140625,42943.406,5173.53515625
2021-10-02,47711.48828125,46131.867,1579.62109375
2021-10-03,48199.953125,47118.445,1081.5078125
2021-10-04,49112.90234375,47782.273,1330.62890625
2021-10-05,51514.8125,48590.555,2924.2578125
2021-10-06,55361.44921875,50368.055,4993.39453125
2021-10-07,53805.984375,53412.83,393.15625
2021-10-08,53967.84765625,53629.832,338.015625
2021-10-09,54968.22265625,53794.406,1173.81640625
2021-10-10,54771.578125,54462.82,308.7578125
2021-10-11,57484.7890625,54595.676,2889.11328125
2021-10-12,56041.05859375,56305.434,264.375
2021-10-13,57401.09765625,56085.332,1315.765625
2021-10-14,57321.5234375,56824.71,496.8125
2021-10-15,61593.94921875,57057.996,4535.953125
2021-10-16,60892.1796875,59757.934,1134.24609375
2021-10-17,61553.6171875,60383.246,1170.37109375
2021-10-18,62026.078125,61014.816,1011.26171875
2021-10-19,64261.9921875,61543.156,2718.8359375
2021-10-20,65992.8359375,63109.61,2883.2265625
2021-10-21,62210.171875,64773.387,2563.21484375
2021-10-22,60692.265625,63102.45,2410.18359375
2021-10-23,61393.6171875,61516.1,122.484375
2021-10-24,60930.8359375,61330.35,399.515625
2021-10-25,63039.82421875,60984.29,2055.53515625
2021-10-26,60363.79296875,62152.82,1789.02734375
2021-10-27,58482.38671875,60969.137,2486.75
2021-10-28,60622.13671875,59350.086,1272.05078125
2021-10-29,62227.96484375,60034.125,2193.83984375
2021-10-30,61888.83203125,61290.164,598.66796875
2021-10-31,61318.95703125,61577.94,258.984375
2021-11-01,61004.40625,61336.223,331.81640625
2021-11-02,63226.40234375,61049.14,2177.26171875
2021-11-03,62970.046875,62298.73,671.31640625
2021-11-04,61452.23046875,62623.938,1171.70703125
2021-11-05,61125.67578125,61824.89,699.21484375
2021-11-06,61527.48046875,61304.715,222.765625
2021-11-07,63326.98828125,61351.477,1975.51171875
2021-11-08,67566.828125,62471.383,5095.4453125
2021-11-09,66971.828125,65512.8,1459.02734375
2021-11-10,64995.23046875,66318.484,1323.25390625
2021-11-11,64949.9609375,65406.824,456.86328125
2021-11-12,64155.94140625,65010.223,854.28125
2021-11-13,64469.52734375,64367.387,102.140625
2021-11-14,65466.83984375,64314.152,1152.6875
2021-11-15,63557.87109375,64913.605,1355.734375
2021-11-16,60161.24609375,63986.676,3825.4296875
2021-11-17,60368.01171875,61541.49,1173.4765625
2021-11-18,56942.13671875,60723.14,3781.00390625
2021-11-19,58119.578125,58320.598,201.01953125
2021-11-20,59697.1953125,58112.883,1584.3125
2021-11-21,58730.4765625,59019.953,289.4765625
2021-11-22,56289.2890625,58781.47,2492.1796875
2021-11-23,57569.07421875,57200.02,369.0546875
2021-11-24,56280.42578125,57365.676,1085.25
2021-11-25,57274.6796875,56647.184,627.49609375
2021-11-26,53569.765625,56974.934,3405.16796875
2021-11-27,54815.078125,54838.316,23.23828125
2021-11-28,57248.45703125,54774.76,2473.6953125
2021-11-29,57806.56640625,56250.43,1556.13671875
2021-11-30,57005.42578125,57172.47,167.04296875
2021-12-01,57229.828125,57033.844,195.984375
2021-12-02,56477.81640625,57114.875,637.05859375
2021-12-03,53598.24609375,56682.58,3084.33203125
2021-12-04,49200.703125,54731.55,5530.84765625
2021-12-05,49368.84765625,51282.64,1913.79296875
2021-12-06,50582.625,50055.082,527.54296875
2021-12-07,50700.0859375,50339.16,360.92578125
2021-12-08,50504.796875,50540.07,35.2734375
2021-12-09,47672.12109375,50505.348,2833.2265625
2021-12-10,47243.3046875,48750.336,1507.03125
2021-12-11,49362.5078125,47809.062,1553.4453125
2021-12-12,50098.3359375,48751.195,1347.140625
2021-12-13,46737.48046875,49575.473,2837.9921875
2021-12-14,46612.6328125,47831.58,1218.9453125
2021-12-15,48896.72265625,47073.234,1823.48828125
2021-12-16,47665.42578125,48182.363,516.9375
2021-12-17,46202.14453125,47856.04,1653.89453125
2021-12-18,46848.77734375,46828.234,20.54296875
2021-12-19,46707.015625,46833.21,126.1953125
2021-12-20,46880.27734375,46752.65,127.62890625
2021-12-21,48936.61328125,46823.836,2112.77734375
2021-12-22,48628.51171875,48116.88,511.6328125
2021-12-23,50784.5390625,48432.72,2351.8203125
2021-12-24,50822.1953125,49869.473,952.72265625
2021-12-25,50429.859375,50445.45,15.58984375
2021-12-26,50809.515625,50422.73,386.78515625
2021-12-27,50640.41796875,50644.605,4.1875
2021-12-28,47588.85546875,50632.25,3043.39453125
2021-12-29,46444.7109375,48747.12,2302.41015625
2021-12-30,47178.125,47311.633,133.5078125
2021-12-31,46306.4453125,47213.62,907.17578125
2022-01-01,47686.8125,46655.934,1030.87890625
2022-01-02,47345.21875,47298.094,47.125
2022-01-03,46458.1171875,47335.85,877.734375
2022-01-04,45897.57421875,46806.473,908.8984375
2022-01-05,43569.00390625,46256.855,2687.8515625
2022-01-07,42936.47265625,44612.234,1675.76171875
